panel,is_new,img1,img2,n_rois1,n_rois2,n_pairs,n_matched1,n_matched2,coverage1,coverage2
10X_COX,False,22-082_10X_DAPI_LAM_DYS_COL4_5-Scene-1-QUAG01,22-082_10X_COX_5-Scene-1-QUAG01,7481,7058,5509.0,5509.0,5509.0,0.7363988771554605,0.7805327288183621
10X_DAPI_LAMP2_LGALS3_SQSTM1,False,22-082_10X_DAPI_LAM_DYS_COL4_5-Scene-1-QUAG01,22-082_10X_DAPI_LAMP2_LGALS3_SQSTM1_5-Scene-1-QUAG01,7481,4852,1599.0,1599.0,1599.0,0.21374147841197702,0.32955482275350373
10X_DAPI_LAM_IgG_CD11B,False,22-082_10X_DAPI_LAM_DYS_COL4_5-Scene-1-QUAG01,22-082_10X_DAPI_LAM_IgG_CD11B_5-Scene-1-QUAG01,7481,8329,6871.0,6871.0,6871.0,0.9184600989172571,0.8249489734662024
10X_HE,False,22-082_10X_DAPI_LAM_DYS_COL4_5-Scene-1-QUAG01,22-082_10X_HE_13-Scene-1-QUAG01,7481,6204,5062.0,5062.0,5062.0,0.6766475070177784,0.8159252095422308
10X_NADH,False,22-082_10X_DAPI_LAM_DYS_COL4_5-Scene-1-QUAG01,22-082_10X_NADH_13-Scene-1-QUAG01,7481,6742,5535.0,5535.0,5535.0,0.7398743483491512,0.820973005043014
10X_WGA_Myh7_Myh2_Myh4,True,22-082_10X_DAPI_LAM_DYS_COL4_5-Scene-1-QUAG01,22-082_10X_WGA_Myh7_Myh2_Myh4_1-Scene-1-QUAG01,7481,4835,2333.0,2333.0,2333.0,0.3118567036492447,0.48252326783867633
5X_HE,False,22-082_10X_DAPI_LAM_DYS_COL4_5-Scene-1-QUAG01,22-082_5X_HE_5-Scene-1-QUAG01,7481,5590,,,,,
10X_COX,False,22-082_10X_DAPI_LAM_DYS_COL4_5-Scene-2-QUAG02,22-082_10X_COX_5-Scene-2-QUAG02,9249,8109,6740.0,6740.0,6740.0,0.7287274299924316,0.8311752373905537
10X_DAPI_LAMP2_LGALS3_SQSTM1,False,22-082_10X_DAPI_LAM_DYS_COL4_5-Scene-2-QUAG02,22-082_10X_DAPI_LAMP2_LGALS3_SQSTM1_5-Scene-2-QUAG02,9249,6517,5056.0,5056.0,5056.0,0.5466536922910585,0.7758170937547951
10X_DAPI_LAM_IgG_CD11B,False,22-082_10X_DAPI_LAM_DYS_COL4_5-Scene-2-QUAG02,22-082_10X_DAPI_LAM_IgG_CD11B_5-Scene-2-QUAG02,9249,9201,8396.0,8396.0,8396.0,0.9077738133852309,0.9125095098358874
10X_HE,False,22-082_10X_DAPI_LAM_DYS_COL4_5-Scene-2-QUAG02,22-082_10X_HE_13-Scene-2-QUAG02,9249,7657,6908.0,6908.0,6908.0,0.746891555843875,0.9021810108397544
10X_NADH,False,22-082_10X_DAPI_LAM_DYS_COL4_5-Scene-2-QUAG02,22-082_10X_NADH_13-Scene-2-QUAG02,9249,8941,7435.0,7435.0,7435.0,0.8038706887231052,0.8315624650486523
10X_WGA_Myh7_Myh2_Myh4,True,22-082_10X_DAPI_LAM_DYS_COL4_5-Scene-2-QUAG02,22-082_10X_WGA_Myh7_Myh2_Myh4_1-Scene-2-QUAG02,9249,8144,6607.0,6607.0,6607.0,0.7143474970267056,0.8112721021611002
5X_HE,False,22-082_10X_DAPI_LAM_DYS_COL4_5-Scene-2-QUAG02,22-082_5X_HE_5-Scene-2-QUAG02,9249,6723,,,,,
10X_COX,False,22-082_10X_DAPI_LAM_DYS_COL4_5-Scene-3-QUAG03,22-082_10X_COX_5-Scene-3-QUAG03,9007,8507,7680.0,7680.0,7680.0,0.8526701454424337,0.9027859409897732
10X_DAPI_LAMP2_LGALS3_SQSTM1,False,22-082_10X_DAPI_LAM_DYS_COL4_5-Scene-3-QUAG03,22-082_10X_DAPI_LAMP2_LGALS3_SQSTM1_5-Scene-3-QUAG03,9007,7950,6985.0,6985.0,6985.0,0.7755079382702342,0.8786163522012579
10X_DAPI_LAM_IgG_CD11B,False,22-082_10X_DAPI_LAM_DYS_COL4_5-Scene-3-QUAG03,22-082_10X_DAPI_LAM_IgG_CD11B_5-Scene-3-QUAG03,9007,9153,8238.0,8238.0,8238.0,0.9146219606972354,0.9000327761389708
10X_HE,False,22-082_10X_DAPI_LAM_DYS_COL4_5-Scene-3-QUAG03,22-082_10X_HE_13-Scene-3-QUAG03,9007,8423,7698.0,7698.0,7698.0,0.8546685910958144,0.9139261545767541
10X_NADH,False,22-082_10X_DAPI_LAM_DYS_COL4_5-Scene-3-QUAG03,22-082_10X_NADH_13-Scene-3-QUAG03,9007,8567,7835.0,7835.0,7835.0,0.869878983013212,0.9145558538578266
10X_WGA_Myh7_Myh2_Myh4,True,22-082_10X_DAPI_LAM_DYS_COL4_5-Scene-3-QUAG03,22-082_10X_WGA_Myh7_Myh2_Myh4_1-Scene-3-QUAG03,9007,6232,2344.0,2344.0,2344.0,0.2602420339735761,0.3761232349165597
5X_HE,False,22-082_10X_DAPI_LAM_DYS_COL4_5-Scene-3-QUAG03,22-082_5X_HE_5-Scene-3-QUAG03,9007,7660,,,,,
10X_COX,False,22-082_10X_DAPI_LAM_DYS_COL4_5-Scene-4-QUAG04,22-082_10X_COX_5-Scene-4-QUAG04,8900,7324,6588.0,6588.0,6588.0,0.7402247191011236,0.8995084653194976
10X_DAPI_LAMP2_LGALS3_SQSTM1,False,22-082_10X_DAPI_LAM_DYS_COL4_5-Scene-4-QUAG04,22-082_10X_DAPI_LAMP2_LGALS3_SQSTM1_5-Scene-4-QUAG04,8900,6179,5045.0,5045.0,5045.0,0.5668539325842696,0.8164751577925231
10X_DAPI_LAM_IgG_CD11B,False,22-082_10X_DAPI_LAM_DYS_COL4_5-Scene-4-QUAG04,22-082_10X_DAPI_LAM_IgG_CD11B_5-Scene-4-QUAG04,8900,3427,2822.0,2822.0,2822.0,0.31707865168539323,0.8234607528450539
10X_HE,False,22-082_10X_DAPI_LAM_DYS_COL4_5-Scene-4-QUAG04,22-082_10X_HE_13-Scene-4-QUAG04,8900,7935,7159.0,7159.0,7159.0,0.8043820224719102,0.9022054190296156
10X_NADH,False,22-082_10X_DAPI_LAM_DYS_COL4_5-Scene-4-QUAG04,22-082_10X_NADH_13-Scene-4-QUAG04,8900,8274,7533.0,7533.0,7533.0,0.8464044943820225,0.9104423495286439
10X_WGA_Myh7_Myh2_Myh4,True,22-082_10X_DAPI_LAM_DYS_COL4_5-Scene-4-QUAG04,22-082_10X_WGA_Myh7_Myh2_Myh4_1-Scene-4-QUAG04,8900,7293,6145.0,6145.0,6145.0,0.6904494382022472,0.8425887837652544
5X_HE,False,22-082_10X_DAPI_LAM_DYS_COL4_5-Scene-4-QUAG04,22-082_5X_HE_5-Scene-4-QUAG04,8900,6942,,,,,
10X_COX,False,22-082_10X_DAPI_LAM_DYS_COL4_5-Scene-5-QUAG05,22-082_10X_COX_5-Scene-5-QUAG05,9500,8592,7842.0,7842.0,7842.0,0.8254736842105264,0.9127094972067039
10X_DAPI_LAMP2_LGALS3_SQSTM1,False,22-082_10X_DAPI_LAM_DYS_COL4_5-Scene-5-QUAG05,22-082_10X_DAPI_LAMP2_LGALS3_SQSTM1_5-Scene-5-QUAG05,9500,5781,4744.0,4744.0,4744.0,0.4993684210526316,0.8206192700224875
10X_DAPI_LAM_IgG_CD11B,False,22-082_10X_DAPI_LAM_DYS_COL4_5-Scene-5-QUAG05,22-082_10X_DAPI_LAM_IgG_CD11B_5-Scene-5-QUAG05,9500,9752,8937.0,8937.0,8937.0,0.9407368421052632,0.9164273995077933
10X_HE,False,22-082_10X_DAPI_LAM_DYS_COL4_5-Scene-5-QUAG05,22-082_10X_HE_13-Scene-5-QUAG05,9500,8872,8034.0,8034.0,8034.0,0.8456842105263158,0.9055455365193869
10X_NADH,False,22-082_10X_DAPI_LAM_DYS_COL4_5-Scene-5-QUAG05,22-082_10X_NADH_13-Scene-5-QUAG05,9500,9581,8927.0,8927.0,8927.0,0.9396842105263158,0.9317399018891557
10X_WGA_Myh7_Myh2_Myh4,True,22-082_10X_DAPI_LAM_DYS_COL4_5-Scene-5-QUAG05,22-082_10X_WGA_Myh7_Myh2_Myh4_1-Scene-5-QUAG05,9500,8551,7402.0,7402.0,7402.0,0.7791578947368422,0.8656297509063268
5X_HE,False,22-082_10X_DAPI_LAM_DYS_COL4_5-Scene-5-QUAG05,22-082_5X_HE_5-Scene-5-QUAG05,9500,7921,,,,,
10X_COX,False,22-082_10X_DAPI_LAM_DYS_COL4_6-Scene-1-QUAG21,22-082_10X_COX_6-Scene-1-QUAG21,7577,6515,3914.0,3914.0,3914.0,0.5165632836214861,0.6007674597083653
10X_DAPI_LAM_IgG_CD11B,False,22-082_10X_DAPI_LAM_DYS_COL4_6-Scene-1-QUAG21,22-082_10X_DAPI_LAM_IgG_CD11B_6-Scene-1-QUAG21,7577,9504,6341.0,6341.0,6341.0,0.8368747525405833,0.6671927609427609
10X_HE,False,22-082_10X_DAPI_LAM_DYS_COL4_6-Scene-1-QUAG21,22-082_10X_HE_14-Scene-1-QUAG21,7577,7276,4362.0,4362.0,4362.0,0.5756895869077471,0.5995052226498075
10X_NADH,False,22-082_10X_DAPI_LAM_DYS_COL4_6-Scene-1-QUAG21,22-082_10X_NADH_14-Scene-1-QUAG21,7577,8061,5381.0,5381.0,5381.0,0.7101755312128811,0.667535045279742
10X_WGA_Myh7_Myh2_Myh4,True,22-082_10X_DAPI_LAM_DYS_COL4_6-Scene-1-QUAG21,22-082_10X_WGA_Myh7_Myh2_Myh4_2-Scene-1-QUAG21,7577,5503,2601.0,2601.0,2601.0,0.3432757027847433,0.4726512811193894
5X_HE,False,22-082_10X_DAPI_LAM_DYS_COL4_6-Scene-1-QUAG21,22-082_5X_HE_6-Scene-1-QUAG21,7577,5743,,,,,
10X_COX,False,22-082_10X_DAPI_LAM_DYS_COL4_6-Scene-2-QUAG22,22-082_10X_COX_6-Scene-2-QUAG22,9368,6880,5477.0,5477.0,5477.0,0.5846498719043552,0.7960755813953488
10X_DAPI_LAMP2_LGALS3_SQSTM1,False,22-082_10X_DAPI_LAM_DYS_COL4_6-Scene-2-QUAG22,22-082_10X_DAPI_LAMP2_LGALS3_SQSTM1_6-Scene-2-QUAG22,9368,7344,4878.0,4878.0,4878.0,0.5207087959009393,0.6642156862745098
10X_DAPI_LAM_IgG_CD11B,False,22-082_10X_DAPI_LAM_DYS_COL4_6-Scene-2-QUAG22,22-082_10X_DAPI_LAM_IgG_CD11B_6-Scene-2-QUAG22,9368,9791,8389.0,8389.0,8389.0,0.8954953031596926,0.8568072719844756
10X_HE,False,22-082_10X_DAPI_LAM_DYS_COL4_6-Scene-2-QUAG22,22-082_10X_HE_14-Scene-2-QUAG22,9368,6491,5310.0,5310.0,5310.0,0.5668232280102476,0.8180557695270374
10X_NADH,False,22-082_10X_DAPI_LAM_DYS_COL4_6-Scene-2-QUAG22,22-082_10X_NADH_14-Scene-2-QUAG22,9368,8143,6833.0,6833.0,6833.0,0.729397950469684,0.8391256293749233
10X_WGA_Myh7_Myh2_Myh4,True,22-082_10X_DAPI_LAM_DYS_COL4_6-Scene-2-QUAG22,22-082_10X_WGA_Myh7_Myh2_Myh4_2-Scene-2-QUAG22,9368,5350,3195.0,3195.0,3195.0,0.3410546541417592,0.597196261682243
5X_HE,False,22-082_10X_DAPI_LAM_DYS_COL4_6-Scene-2-QUAG22,22-082_5X_HE_6-Scene-2-QUAG22,9368,5110,,,,,
10X_COX,False,22-082_10X_DAPI_LAM_DYS_COL4_6-Scene-3-QUAG23,22-082_10X_COX_6-Scene-3-QUAG23,10300,7998,6546.0,6546.0,6546.0,0.6355339805825243,0.8184546136534133
10X_DAPI_LAMP2_LGALS3_SQSTM1,False,22-082_10X_DAPI_LAM_DYS_COL4_6-Scene-3-QUAG23,22-082_10X_DAPI_LAMP2_LGALS3_SQSTM1_6-Scene-3-QUAG23,10300,8793,6129.0,6129.0,6129.0,0.5950485436893204,0.6970317297850563
10X_DAPI_LAM_IgG_CD11B,False,22-082_10X_DAPI_LAM_DYS_COL4_6-Scene-3-QUAG23,22-082_10X_DAPI_LAM_IgG_CD11B_6-Scene-3-QUAG23,10300,10465,8395.0,8395.0,8395.0,0.8150485436893203,0.8021978021978022
10X_HE,False,22-082_10X_DAPI_LAM_DYS_COL4_6-Scene-3-QUAG23,22-082_10X_HE_14-Scene-3-QUAG23,10300,8000,6732.0,6732.0,6732.0,0.6535922330097087,0.8415
10X_NADH,False,22-082_10X_DAPI_LAM_DYS_COL4_6-Scene-3-QUAG23,22-082_10X_NADH_14-Scene-3-QUAG23,10300,8772,7454.0,7454.0,7454.0,0.7236893203883495,0.8497492020063839
10X_WGA_Myh7_Myh2_Myh4,True,22-082_10X_DAPI_LAM_DYS_COL4_6-Scene-3-QUAG23,22-082_10X_WGA_Myh7_Myh2_Myh4_2-Scene-3-QUAG23,10300,6878,4990.0,4990.0,4990.0,0.48446601941747575,0.7255015993021227
5X_HE,False,22-082_10X_DAPI_LAM_DYS_COL4_6-Scene-3-QUAG23,22-082_5X_HE_6-Scene-3-QUAG23,10300,6903,,,,,
10X_COX,False,22-082_10X_DAPI_LAM_DYS_COL4_6-Scene-4-QUAG24,22-082_10X_COX_6-Scene-4-QUAG24,8353,5349,4090.0,4090.0,4090.0,0.4896444391236681,0.7646289025986166
10X_DAPI_LAMP2_LGALS3_SQSTM1,False,22-082_10X_DAPI_LAM_DYS_COL4_6-Scene-4-QUAG24,22-082_10X_DAPI_LAMP2_LGALS3_SQSTM1_6-Scene-4-QUAG24,8353,6542,4185.0,4185.0,4185.0,0.5010175984676164,0.6397126261082238
10X_DAPI_LAM_IgG_CD11B,False,22-082_10X_DAPI_LAM_DYS_COL4_6-Scene-4-QUAG24,22-082_10X_DAPI_LAM_IgG_CD11B_6-Scene-4-QUAG24,8353,7817,6439.0,6439.0,6439.0,0.7708607685861367,0.8237175386977101
10X_HE,False,22-082_10X_DAPI_LAM_DYS_COL4_6-Scene-4-QUAG24,22-082_10X_HE_14-Scene-4-QUAG24,8353,5355,4176.0,4176.0,4176.0,0.4999401412666108,0.7798319327731092
10X_NADH,False,22-082_10X_DAPI_LAM_DYS_COL4_6-Scene-4-QUAG24,22-082_10X_NADH_14-Scene-4-QUAG24,8353,6191,5005.0,5005.0,5005.0,0.5991859212259069,0.8084315942497173
10X_WGA_Myh7_Myh2_Myh4,True,22-082_10X_DAPI_LAM_DYS_COL4_6-Scene-4-QUAG24,22-082_10X_WGA_Myh7_Myh2_Myh4_2-Scene-4-QUAG24,8353,4490,2636.0,2636.0,2636.0,0.3155752424278702,0.5870824053452116
5X_HE,False,22-082_10X_DAPI_LAM_DYS_COL4_6-Scene-4-QUAG24,22-082_5X_HE_6-Scene-4-QUAG24,8353,4147,,,,,
10X_COX,False,22-082_10X_DAPI_LAM_DYS_COL4_6-Scene-5-QUAG25,22-082_10X_COX_6-Scene-5-QUAG25,6147,4440,2552.0,2552.0,2552.0,0.41516186757768014,0.5747747747747748
10X_DAPI_LAMP2_LGALS3_SQSTM1,False,22-082_10X_DAPI_LAM_DYS_COL4_6-Scene-5-QUAG25,22-082_10X_DAPI_LAMP2_LGALS3_SQSTM1_6-Scene-5-QUAG25,6147,4746,1798.0,1798.0,1798.0,0.2925004067024565,0.37884534344711335
10X_DAPI_LAM_IgG_CD11B,False,22-082_10X_DAPI_LAM_DYS_COL4_6-Scene-5-QUAG25,22-082_10X_DAPI_LAM_IgG_CD11B_6-Scene-5-QUAG25,6147,6604,4761.0,4761.0,4761.0,0.7745241581259151,0.7209267110841914
10X_HE,False,22-082_10X_DAPI_LAM_DYS_COL4_6-Scene-5-QUAG25,22-082_10X_HE_14-Scene-5-QUAG25,6147,4490,2477.0,2477.0,2477.0,0.40296079388319506,0.5516703786191537
10X_NADH,False,22-082_10X_DAPI_LAM_DYS_COL4_6-Scene-5-QUAG25,22-082_10X_NADH_14-Scene-5-QUAG25,6147,5711,4109.0,4109.0,4109.0,0.6684561574751912,0.7194887060059534
10X_WGA_Myh7_Myh2_Myh4,True,22-082_10X_DAPI_LAM_DYS_COL4_6-Scene-5-QUAG25,22-082_10X_WGA_Myh7_Myh2_Myh4_2-Scene-5-QUAG25,6147,4201,1667.0,1667.0,1667.0,0.2711891979827558,0.3968102832658891
5X_HE,False,22-082_10X_DAPI_LAM_DYS_COL4_6-Scene-5-QUAG25,22-082_5X_HE_6-Scene-5-QUAG25,6147,3801,,,,,
10X_COX,False,22-082_10X_DAPI_LAM_DYS_COL4_7-Scene-1-QUAG26,22-082_10X_COX_7-Scene-1-QUAG26,8915,5991,4871.0,4871.0,4871.0,0.5463825014021313,0.8130529127023869
10X_DAPI_LAMP2_LGALS3_SQSTM1,False,22-082_10X_DAPI_LAM_DYS_COL4_7-Scene-1-QUAG26,22-082_10X_DAPI_LAMP2_LGALS3_SQSTM1_7-Scene-1-QUAG26,8915,7220,4614.0,4614.0,4614.0,0.5175546831183399,0.6390581717451523
10X_DAPI_LAM_IgG_CD11B,False,22-082_10X_DAPI_LAM_DYS_COL4_7-Scene-1-QUAG26,22-082_10X_DAPI_LAM_IgG_CD11B_7-Scene-1-QUAG26,8915,9473,7460.0,7460.0,7460.0,0.8367919237240605,0.7875013195397446
10X_HE,False,22-082_10X_DAPI_LAM_DYS_COL4_7-Scene-1-QUAG26,22-082_10X_HE_15-Scene-1-QUAG26,8915,7638,6119.0,6119.0,6119.0,0.6863712843522154,0.8011259492013616
10X_NADH,False,22-082_10X_DAPI_LAM_DYS_COL4_7-Scene-1-QUAG26,22-082_10X_NADH_15-Scene-1-QUAG26,8915,7290,5545.0,5545.0,5545.0,0.6219854178351094,0.7606310013717421
10X_WGA_Myh7_Myh2_Myh4,True,22-082_10X_DAPI_LAM_DYS_COL4_7-Scene-1-QUAG26,22-082_10X_WGA_Myh7_Myh2_Myh4_3-Scene-1-QUAG26,8915,5767,3727.0,3727.0,3727.0,0.4180594503645541,0.6462632217790879
5X_HE,False,22-082_10X_DAPI_LAM_DYS_COL4_7-Scene-1-QUAG26,22-082_5X_HE_7-Scene-1-QUAG26,8915,6126,,,,,
10X_COX,False,22-082_10X_DAPI_LAM_DYS_COL4_7-Scene-2-QUAG27,22-082_10X_COX_7-Scene-2-QUAG27,8271,6498,5047.0,5047.0,5047.0,0.6102043283762544,0.7767005232379194
10X_DAPI_LAM_IgG_CD11B,False,22-082_10X_DAPI_LAM_DYS_COL4_7-Scene-2-QUAG27,22-082_10X_DAPI_LAM_IgG_CD11B_7-Scene-2-QUAG27,8271,8598,7057.0,7057.0,7057.0,0.8532221013178576,0.8207722726215398
10X_HE,False,22-082_10X_DAPI_LAM_DYS_COL4_7-Scene-2-QUAG27,22-082_10X_HE_15-Scene-2-QUAG27,8271,6472,5224.0,5224.0,5224.0,0.6316044009188732,0.8071693448702101
10X_NADH,False,22-082_10X_DAPI_LAM_DYS_COL4_7-Scene-2-QUAG27,22-082_10X_NADH_15-Scene-2-QUAG27,8271,6633,4885.0,4885.0,4885.0,0.590617821303349,0.7364691693049902
10X_WGA_Myh7_Myh2_Myh4,True,22-082_10X_DAPI_LAM_DYS_COL4_7-Scene-2-QUAG27,22-082_10X_WGA_Myh7_Myh2_Myh4_3-Scene-2-QUAG27,8271,7066,4942.0,4942.0,4942.0,0.5975093700882602,0.6994056043022927
5X_HE,False,22-082_10X_DAPI_LAM_DYS_COL4_7-Scene-2-QUAG27,22-082_5X_HE_7-Scene-2-QUAG27,8271,5722,,,,,
10X_COX,False,22-082_10X_DAPI_LAM_DYS_COL4_7-Scene-3-QUAG28,22-082_10X_COX_7-Scene-3-QUAG28,9373,8060,6449.0,6449.0,6449.0,0.6880401152245812,0.8001240694789082
10X_DAPI_LAM_IgG_CD11B,False,22-082_10X_DAPI_LAM_DYS_COL4_7-Scene-3-QUAG28,22-082_10X_DAPI_LAM_IgG_CD11B_7-Scene-3-QUAG28,9373,10320,8729.0,8729.0,8729.0,0.9312920089619119,0.8458333333333333
10X_HE,False,22-082_10X_DAPI_LAM_DYS_COL4_7-Scene-3-QUAG28,22-082_10X_HE_15-Scene-3-QUAG28,9373,8639,7272.0,7272.0,7272.0,0.7758455137095914,0.8417640930663272
10X_NADH,False,22-082_10X_DAPI_LAM_DYS_COL4_7-Scene-3-QUAG28,22-082_10X_NADH_15-Scene-3-QUAG28,9373,9319,8134.0,8134.0,8134.0,0.8678117998506348,0.8728404335229102
10X_WGA_Myh7_Myh2_Myh4,True,22-082_10X_DAPI_LAM_DYS_COL4_7-Scene-3-QUAG28,22-082_10X_WGA_Myh7_Myh2_Myh4_3-Scene-3-QUAG28,9373,8055,6184.0,6184.0,6184.0,0.6597674170489705,0.76772191185599
5X_HE,False,22-082_10X_DAPI_LAM_DYS_COL4_7-Scene-3-QUAG28,22-082_5X_HE_7-Scene-3-QUAG28,9373,7107,,,,,
10X_COX,False,22-082_10X_DAPI_LAM_DYS_COL4_7-Scene-4-QUAG29,22-082_10X_COX_7-Scene-4-QUAG29,9918,7772,6462.0,6462.0,6462.0,0.6515426497277677,0.8314462171899125
10X_DAPI_LAM_IgG_CD11B,False,22-082_10X_DAPI_LAM_DYS_COL4_7-Scene-4-QUAG29,22-082_10X_DAPI_LAM_IgG_CD11B_7-Scene-4-QUAG29,9918,10054,8613.0,8613.0,8613.0,0.868421052631579,0.8566739606126915
10X_HE,False,22-082_10X_DAPI_LAM_DYS_COL4_7-Scene-4-QUAG29,22-082_10X_HE_15-Scene-4-QUAG29,9918,8285,7047.0,7047.0,7047.0,0.7105263157894737,0.8505733252866626
10X_NADH,False,22-082_10X_DAPI_LAM_DYS_COL4_7-Scene-4-QUAG29,22-082_10X_NADH_15-Scene-4-QUAG29,9918,9501,8114.0,8114.0,8114.0,0.8181084896148417,0.8540153668034943
10X_WGA_Myh7_Myh2_Myh4,True,22-082_10X_DAPI_LAM_DYS_COL4_7-Scene-4-QUAG29,22-082_10X_WGA_Myh7_Myh2_Myh4_3-Scene-4-QUAG29,9918,7694,6112.0,6112.0,6112.0,0.6162532768703367,0.7943852352482453
5X_HE,False,22-082_10X_DAPI_LAM_DYS_COL4_7-Scene-4-QUAG29,22-082_5X_HE_7-Scene-4-QUAG29,9918,7337,,,,,
10X_COX,False,22-082_10X_DAPI_LAM_DYS_COL4_8-Scene-1-QUAG31,22-082_10X_COX_8-Scene-1-QUAG31,6369,6044,3351.0,3351.0,3351.0,0.5261422515308526,0.5544341495698213
10X_DAPI_LAMP2_LGALS3_SQSTM1,False,22-082_10X_DAPI_LAM_DYS_COL4_8-Scene-1-QUAG31,22-082_10X_DAPI_LAMP2_LGALS3_SQSTM1_8-Scene-1-QUAG31,6369,5834,2576.0,2576.0,2576.0,0.4044590987596169,0.4415495371957491
10X_DAPI_LAM_IgG_CD11B,False,22-082_10X_DAPI_LAM_DYS_COL4_8-Scene-1-QUAG31,22-082_10X_DAPI_LAM_IgG_CD11B_8-Scene-1-QUAG31,6369,7682,4945.0,4945.0,4945.0,0.776417019940336,0.6437125748502994
10X_HE,False,22-082_10X_DAPI_LAM_DYS_COL4_8-Scene-1-QUAG31,22-082_10X_HE_16-Scene-1-QUAG31,6369,6475,4137.0,4137.0,4137.0,0.6495525200188412,0.6389189189189189
10X_NADH,False,22-082_10X_DAPI_LAM_DYS_COL4_8-Scene-1-QUAG31,22-082_10X_NADH_16-Scene-1-QUAG31,6369,7363,4972.0,4972.0,4972.0,0.7806563039723662,0.6752682330571778
10X_WGA_Myh7_Myh2_Myh4,True,22-082_10X_DAPI_LAM_DYS_COL4_8-Scene-1-QUAG31,22-082_10X_WGA_Myh7_Myh2_Myh4_4-Scene-1-QUAG31,6369,4382,1827.0,1827.0,1827.0,0.28685821950070656,0.4169329073482428
5X_HE,False,22-082_10X_DAPI_LAM_DYS_COL4_8-Scene-1-QUAG31,22-082_5X_HE_8-Scene-1-QUAG31,6369,5525,,,,,
10X_DAPI_LAMP2_LGALS3_SQSTM1,False,22-082_10X_DAPI_LAM_DYS_COL4_8-Scene-2-QUAG32,22-082_10X_DAPI_LAMP2_LGALS3_SQSTM1_8-Scene-2-QUAG32,8197,6246,1358.0,1358.0,1358.0,0.16567036720751493,0.21741914825488312
10X_DAPI_LAM_IgG_CD11B,False,22-082_10X_DAPI_LAM_DYS_COL4_8-Scene-2-QUAG32,22-082_10X_DAPI_LAM_IgG_CD11B_8-Scene-2-QUAG32,8197,8971,6846.0,6846.0,6846.0,0.8351836037574722,0.7631256270203991
10X_HE,False,22-082_10X_DAPI_LAM_DYS_COL4_8-Scene-2-QUAG32,22-082_10X_HE_16-Scene-2-QUAG32,8197,6992,5061.0,5061.0,5061.0,0.6174210076857387,0.7238272311212814
10X_NADH,False,22-082_10X_DAPI_LAM_DYS_COL4_8-Scene-2-QUAG32,22-082_10X_NADH_16-Scene-2-QUAG32,8197,8275,6951.0,6951.0,6951.0,0.8479931682322801,0.84
10X_WGA_Myh7_Myh2_Myh4,True,22-082_10X_DAPI_LAM_DYS_COL4_8-Scene-2-QUAG32,22-082_10X_WGA_Myh7_Myh2_Myh4_4-Scene-2-QUAG32,8197,6353,2301.0,2301.0,2301.0,0.2807124557765036,0.36219109082323314
5X_HE,False,22-082_10X_DAPI_LAM_DYS_COL4_8-Scene-2-QUAG32,22-082_5X_HE_8-Scene-2-QUAG32,8197,5660,,,,,
10X_COX,False,22-082_10X_DAPI_LAM_DYS_COL4_8-Scene-3-QUAG33,22-082_10X_COX_8-Scene-3-QUAG33,8375,5943,4743.0,4743.0,4743.0,0.5663283582089552,0.7980817768803634
10X_DAPI_LAMP2_LGALS3_SQSTM1,False,22-082_10X_DAPI_LAM_DYS_COL4_8-Scene-3-QUAG33,22-082_10X_DAPI_LAMP2_LGALS3_SQSTM1_8-Scene-3-QUAG33,8375,4459,2205.0,2205.0,2205.0,0.2632835820895522,0.4945054945054945
10X_DAPI_LAM_IgG_CD11B,False,22-082_10X_DAPI_LAM_DYS_COL4_8-Scene-3-QUAG33,22-082_10X_DAPI_LAM_IgG_CD11B_8-Scene-3-QUAG33,8375,8399,7458.0,7458.0,7458.0,0.8905074626865672,0.887962852720562
10X_HE,False,22-082_10X_DAPI_LAM_DYS_COL4_8-Scene-3-QUAG33,22-082_10X_HE_16-Scene-3-QUAG33,8375,7227,6246.0,6246.0,6246.0,0.7457910447761193,0.8642590286425903
10X_NADH,False,22-082_10X_DAPI_LAM_DYS_COL4_8-Scene-3-QUAG33,22-082_10X_NADH_16-Scene-3-QUAG33,8375,7615,6834.0,6834.0,6834.0,0.816,0.8974392646093237
10X_WGA_Myh7_Myh2_Myh4,True,22-082_10X_DAPI_LAM_DYS_COL4_8-Scene-3-QUAG33,22-082_10X_WGA_Myh7_Myh2_Myh4_4-Scene-3-QUAG33,8375,6966,5636.0,5636.0,5636.0,0.672955223880597,0.8090726385300029
5X_HE,False,22-082_10X_DAPI_LAM_DYS_COL4_8-Scene-3-QUAG33,22-082_5X_HE_8-Scene-3-QUAG33,8375,6140,,,,,
10X_COX,False,22-082_10X_DAPI_LAM_DYS_COL4_8-Scene-4-QUAG34,22-082_10X_COX_8-Scene-4-QUAG34,9838,5453,4341.0,4341.0,4341.0,0.4412482211831673,0.7960755547405098
10X_DAPI_LAMP2_LGALS3_SQSTM1,False,22-082_10X_DAPI_LAM_DYS_COL4_8-Scene-4-QUAG34,22-082_10X_DAPI_LAMP2_LGALS3_SQSTM1_8-Scene-4-QUAG34,9838,6046,2736.0,2736.0,2736.0,0.27810530595649524,0.4525305987429706
10X_DAPI_LAM_IgG_CD11B,False,22-082_10X_DAPI_LAM_DYS_COL4_8-Scene-4-QUAG34,22-082_10X_DAPI_LAM_IgG_CD11B_8-Scene-4-QUAG34,9838,9783,8585.0,8585.0,8585.0,0.8726367147794267,0.877542676070735
10X_HE,False,22-082_10X_DAPI_LAM_DYS_COL4_8-Scene-4-QUAG34,22-082_10X_HE_16-Scene-4-QUAG34,9838,8381,7079.0,7079.0,7079.0,0.7195568204919699,0.8446486099510798
10X_NADH,False,22-082_10X_DAPI_LAM_DYS_COL4_8-Scene-4-QUAG34,22-082_10X_NADH_16-Scene-4-QUAG34,9838,9850,8674.0,8674.0,8674.0,0.8816832689571051,0.8806091370558375
10X_WGA_Myh7_Myh2_Myh4,True,22-082_10X_DAPI_LAM_DYS_COL4_8-Scene-4-QUAG34,22-082_10X_WGA_Myh7_Myh2_Myh4_4-Scene-4-QUAG34,9838,7239,5268.0,5268.0,5268.0,0.5354746899776377,0.7277248238707004
5X_HE,False,22-082_10X_DAPI_LAM_DYS_COL4_8-Scene-4-QUAG34,22-082_5X_HE_8-Scene-4-QUAG34,9838,7118,,,,,
10X_COX,False,22-082_10X_DAPI_LAM_DYS_COL4_8-Scene-5-QUAG35,22-082_10X_COX_8-Scene-5-QUAG35,8828,5262,3880.0,3880.0,3880.0,0.4395106479383779,0.7373622196883315
10X_DAPI_LAMP2_LGALS3_SQSTM1,False,22-082_10X_DAPI_LAM_DYS_COL4_8-Scene-5-QUAG35,22-082_10X_DAPI_LAMP2_LGALS3_SQSTM1_8-Scene-5-QUAG35,8828,5315,3663.0,3663.0,3663.0,0.414929768917082,0.6891815616180621
10X_DAPI_LAM_IgG_CD11B,False,22-082_10X_DAPI_LAM_DYS_COL4_8-Scene-5-QUAG35,22-082_10X_DAPI_LAM_IgG_CD11B_8-Scene-5-QUAG35,8828,9614,7315.0,7315.0,7315.0,0.8286135024920707,0.7608695652173914
10X_HE,False,22-082_10X_DAPI_LAM_DYS_COL4_8-Scene-5-QUAG35,22-082_10X_HE_16-Scene-5-QUAG35,8828,6902,5300.0,5300.0,5300.0,0.600362483008609,0.7678933642422486
10X_NADH,False,22-082_10X_DAPI_LAM_DYS_COL4_8-Scene-5-QUAG35,22-082_10X_NADH_16-Scene-5-QUAG35,8828,8264,6983.0,6983.0,6983.0,0.7910058903488899,0.8449903194578896
10X_WGA_Myh7_Myh2_Myh4,True,22-082_10X_DAPI_LAM_DYS_COL4_8-Scene-5-QUAG35,22-082_10X_WGA_Myh7_Myh2_Myh4_4-Scene-5-QUAG35,8828,6518,4184.0,4184.0,4184.0,0.4739465337562302,0.6419146977600491
5X_HE,False,22-082_10X_DAPI_LAM_DYS_COL4_8-Scene-5-QUAG35,22-082_5X_HE_8-Scene-5-QUAG35,8828,5810,,,,,
