method,family,pairs,P,R,F1,denom
F2FMatcher,F2FMatcher,23/38,0.9373601789709173,0.8895966029723992,0.9128540305010894,matchable GT
no-align kNN,geometric,38/38,0.3389162561576355,0.43434343434343436,0.3807415605976758,matchable GT
SuperGlue,sparse,38/38,0.24249833296288065,0.8296577946768061,0.3753009975920193,full GT
SuperPoint-LightGlue,sparse,38/38,0.23265962333486448,0.7703422053231939,0.3573822543658493,full GT
RoMa,dense,38/38,0.1847345132743363,0.8889733840304183,0.3059008242836583,full GT
LoFTR,semi-dense,38/38,0.1402236696571218,0.867680608365019,0.24143038510368178,full GT
affine+kNN,geometric,38/38,0.19408866995073892,0.24873737373737373,0.21804095185390152,matchable GT
DINOv2 (ViT-S/14),appearance,38/38,0.06466751996099226,0.8068441064638783,0.11973817853515405,full GT
random,geometric,38/38,0.02237136465324385,0.012626262626262626,0.016142050040355127,matchable GT
