image_name,slide,sample_id,staining
22-082_10X_DAPI_Laminin_Dystrophin_Collagen4_1-Scene-1-TAG01,1,TAG01,DAPI
22-082_10X_DAPI_Laminin_Dystrophin_Collagen4_1-Scene-1-TAG01,1,TAG01,Laminin
22-082_10X_DAPI_Laminin_Dystrophin_Collagen4_1-Scene-1-TAG01,1,TAG01,Dystrophin
22-082_10X_DAPI_Laminin_Dystrophin_Collagen4_1-Scene-1-TAG01,1,TAG01,Collagen4
22-082_10X_DAPI_Laminin_Dystrophin_Collagen4_1-Scene-2-TAG02,1,TAG02,DAPI
22-082_10X_DAPI_Laminin_Dystrophin_Collagen4_1-Scene-2-TAG02,1,TAG02,Laminin
22-082_10X_DAPI_Laminin_Dystrophin_Collagen4_1-Scene-2-TAG02,1,TAG02,Dystrophin
22-082_10X_DAPI_Laminin_Dystrophin_Collagen4_1-Scene-2-TAG02,1,TAG02,Collagen4
22-082_10X_DAPI_Laminin_Dystrophin_Collagen4_1-Scene-3-TAG03,1,TAG03,DAPI
22-082_10X_DAPI_Laminin_Dystrophin_Collagen4_1-Scene-3-TAG03,1,TAG03,Laminin
22-082_10X_DAPI_Laminin_Dystrophin_Collagen4_1-Scene-3-TAG03,1,TAG03,Dystrophin
22-082_10X_DAPI_Laminin_Dystrophin_Collagen4_1-Scene-3-TAG03,1,TAG03,Collagen4
22-082_10X_DAPI_Laminin_Dystrophin_Collagen4_1-Scene-4-TAG04,1,TAG04,DAPI
22-082_10X_DAPI_Laminin_Dystrophin_Collagen4_1-Scene-4-TAG04,1,TAG04,Laminin
22-082_10X_DAPI_Laminin_Dystrophin_Collagen4_1-Scene-4-TAG04,1,TAG04,Dystrophin
22-082_10X_DAPI_Laminin_Dystrophin_Collagen4_1-Scene-4-TAG04,1,TAG04,Collagen4
22-082_10X_DAPI_Laminin_Dystrophin_Collagen4_1-Scene-5-TAG05,1,TAG05,DAPI
22-082_10X_DAPI_Laminin_Dystrophin_Collagen4_1-Scene-5-TAG05,1,TAG05,Laminin
22-082_10X_DAPI_Laminin_Dystrophin_Collagen4_1-Scene-5-TAG05,1,TAG05,Dystrophin
22-082_10X_DAPI_Laminin_Dystrophin_Collagen4_1-Scene-5-TAG05,1,TAG05,Collagen4
22-082_10X_DAPI_Laminin_Dystrophin_Collagen4_2-Scene-21-TAG21,1,TAG21,DAPI
22-082_10X_DAPI_Laminin_Dystrophin_Collagen4_2-Scene-21-TAG21,1,TAG21,Laminin
22-082_10X_DAPI_Laminin_Dystrophin_Collagen4_2-Scene-21-TAG21,1,TAG21,Dystrophin
22-082_10X_DAPI_Laminin_Dystrophin_Collagen4_2-Scene-21-TAG21,1,TAG21,Collagen4
22-082_10X_DAPI_Laminin_Dystrophin_Collagen4_2-Scene-22-TAG22,1,TAG22,DAPI
22-082_10X_DAPI_Laminin_Dystrophin_Collagen4_2-Scene-22-TAG22,1,TAG22,Laminin
22-082_10X_DAPI_Laminin_Dystrophin_Collagen4_2-Scene-22-TAG22,1,TAG22,Dystrophin
22-082_10X_DAPI_Laminin_Dystrophin_Collagen4_2-Scene-22-TAG22,1,TAG22,Collagen4
22-082_10X_DAPI_Laminin_Dystrophin_Collagen4_2-Scene-23-TAG23,1,TAG23,DAPI
22-082_10X_DAPI_Laminin_Dystrophin_Collagen4_2-Scene-23-TAG23,1,TAG23,Laminin
22-082_10X_DAPI_Laminin_Dystrophin_Collagen4_2-Scene-23-TAG23,1,TAG23,Dystrophin
22-082_10X_DAPI_Laminin_Dystrophin_Collagen4_2-Scene-23-TAG23,1,TAG23,Collagen4
22-082_10X_DAPI_Laminin_Dystrophin_Collagen4_2-Scene-24-TAG24,1,TAG24,DAPI
22-082_10X_DAPI_Laminin_Dystrophin_Collagen4_2-Scene-24-TAG24,1,TAG24,Laminin
22-082_10X_DAPI_Laminin_Dystrophin_Collagen4_2-Scene-24-TAG24,1,TAG24,Dystrophin
22-082_10X_DAPI_Laminin_Dystrophin_Collagen4_2-Scene-24-TAG24,1,TAG24,Collagen4
22-082_10X_DAPI_Laminin_Dystrophin_Collagen4_2-Scene-25-TAG25,1,TAG25,DAPI
22-082_10X_DAPI_Laminin_Dystrophin_Collagen4_2-Scene-25-TAG25,1,TAG25,Laminin
22-082_10X_DAPI_Laminin_Dystrophin_Collagen4_2-Scene-25-TAG25,1,TAG25,Dystrophin
22-082_10X_DAPI_Laminin_Dystrophin_Collagen4_2-Scene-25-TAG25,1,TAG25,Collagen4
22-082_10X_DAPI_Laminin_Dystrophin_Collagen4_3-Scene-26-TAG26,1,TAG26,DAPI
22-082_10X_DAPI_Laminin_Dystrophin_Collagen4_3-Scene-26-TAG26,1,TAG26,Laminin
22-082_10X_DAPI_Laminin_Dystrophin_Collagen4_3-Scene-26-TAG26,1,TAG26,Dystrophin
22-082_10X_DAPI_Laminin_Dystrophin_Collagen4_3-Scene-26-TAG26,1,TAG26,Collagen4
22-082_10X_DAPI_Laminin_Dystrophin_Collagen4_3-Scene-27-TAG27,1,TAG27,DAPI
22-082_10X_DAPI_Laminin_Dystrophin_Collagen4_3-Scene-27-TAG27,1,TAG27,Laminin
22-082_10X_DAPI_Laminin_Dystrophin_Collagen4_3-Scene-27-TAG27,1,TAG27,Dystrophin
22-082_10X_DAPI_Laminin_Dystrophin_Collagen4_3-Scene-27-TAG27,1,TAG27,Collagen4
22-082_10X_DAPI_Laminin_Dystrophin_Collagen4_3-Scene-28-TAG28,1,TAG28,DAPI
22-082_10X_DAPI_Laminin_Dystrophin_Collagen4_3-Scene-28-TAG28,1,TAG28,Laminin
22-082_10X_DAPI_Laminin_Dystrophin_Collagen4_3-Scene-28-TAG28,1,TAG28,Dystrophin
22-082_10X_DAPI_Laminin_Dystrophin_Collagen4_3-Scene-28-TAG28,1,TAG28,Collagen4
22-082_10X_DAPI_Laminin_Dystrophin_Collagen4_3-Scene-29-TAG29,1,TAG29,DAPI
22-082_10X_DAPI_Laminin_Dystrophin_Collagen4_3-Scene-29-TAG29,1,TAG29,Laminin
22-082_10X_DAPI_Laminin_Dystrophin_Collagen4_3-Scene-29-TAG29,1,TAG29,Dystrophin
22-082_10X_DAPI_Laminin_Dystrophin_Collagen4_3-Scene-29-TAG29,1,TAG29,Collagen4
22-082_10X_DAPI_Laminin_Dystrophin_Collagen4_4-Scene-31-TAG31,1,TAG31,DAPI
22-082_10X_DAPI_Laminin_Dystrophin_Collagen4_4-Scene-31-TAG31,1,TAG31,Laminin
22-082_10X_DAPI_Laminin_Dystrophin_Collagen4_4-Scene-31-TAG31,1,TAG31,Dystrophin
22-082_10X_DAPI_Laminin_Dystrophin_Collagen4_4-Scene-31-TAG31,1,TAG31,Collagen4
22-082_10X_DAPI_Laminin_Dystrophin_Collagen4_4-Scene-32-TAG32,1,TAG32,DAPI
22-082_10X_DAPI_Laminin_Dystrophin_Collagen4_4-Scene-32-TAG32,1,TAG32,Laminin
22-082_10X_DAPI_Laminin_Dystrophin_Collagen4_4-Scene-32-TAG32,1,TAG32,Dystrophin
22-082_10X_DAPI_Laminin_Dystrophin_Collagen4_4-Scene-32-TAG32,1,TAG32,Collagen4
22-082_10X_DAPI_Laminin_Dystrophin_Collagen4_4-Scene-33-TAG33,1,TAG33,DAPI
22-082_10X_DAPI_Laminin_Dystrophin_Collagen4_4-Scene-33-TAG33,1,TAG33,Laminin
22-082_10X_DAPI_Laminin_Dystrophin_Collagen4_4-Scene-33-TAG33,1,TAG33,Dystrophin
22-082_10X_DAPI_Laminin_Dystrophin_Collagen4_4-Scene-33-TAG33,1,TAG33,Collagen4
22-082_10X_DAPI_Laminin_Dystrophin_Collagen4_4-Scene-34-TAG34,1,TAG34,DAPI
22-082_10X_DAPI_Laminin_Dystrophin_Collagen4_4-Scene-34-TAG34,1,TAG34,Laminin
22-082_10X_DAPI_Laminin_Dystrophin_Collagen4_4-Scene-34-TAG34,1,TAG34,Dystrophin
22-082_10X_DAPI_Laminin_Dystrophin_Collagen4_4-Scene-34-TAG34,1,TAG34,Collagen4
22-082_10X_DAPI_Laminin_Dystrophin_Collagen4_4-Scene-35-TAG35,1,TAG35,DAPI
22-082_10X_DAPI_Laminin_Dystrophin_Collagen4_4-Scene-35-TAG35,1,TAG35,Laminin
22-082_10X_DAPI_Laminin_Dystrophin_Collagen4_4-Scene-35-TAG35,1,TAG35,Dystrophin
22-082_10X_DAPI_Laminin_Dystrophin_Collagen4_4-Scene-35-TAG35,1,TAG35,Collagen4
22-082_10X_IgG_CD11b_1-Scene-1-TAG01,2,TAG01,IgG
22-082_10X_IgG_CD11b_1-Scene-1-TAG01,2,TAG01,CD11b
22-082_10X_IgG_CD11b_1-Scene-2-TAG02,2,TAG02,IgG
22-082_10X_IgG_CD11b_1-Scene-2-TAG02,2,TAG02,CD11b
22-082_10X_IgG_CD11b_1-Scene-3-TAG03,2,TAG03,IgG
22-082_10X_IgG_CD11b_1-Scene-3-TAG03,2,TAG03,CD11b
22-082_10X_IgG_CD11b_1-Scene-4-TAG04,2,TAG04,IgG
22-082_10X_IgG_CD11b_1-Scene-4-TAG04,2,TAG04,CD11b
22-082_10X_IgG_CD11b_1-Scene-5-TAG05,2,TAG05,IgG
22-082_10X_IgG_CD11b_1-Scene-5-TAG05,2,TAG05,CD11b
22-082_10X_IgG_CD11b_2-Scene-21-TAG21,2,TAG21,IgG
22-082_10X_IgG_CD11b_2-Scene-21-TAG21,2,TAG21,CD11b
22-082_10X_IgG_CD11b_2-Scene-22-TAG22,2,TAG22,IgG
22-082_10X_IgG_CD11b_2-Scene-22-TAG22,2,TAG22,CD11b
22-082_10X_IgG_CD11b_2-Scene-23-TAG23,2,TAG23,IgG
22-082_10X_IgG_CD11b_2-Scene-23-TAG23,2,TAG23,CD11b
22-082_10X_IgG_CD11b_2-Scene-24-TAG24,2,TAG24,IgG
22-082_10X_IgG_CD11b_2-Scene-24-TAG24,2,TAG24,CD11b
22-082_10X_IgG_CD11b_2-Scene-25-TAG25,2,TAG25,IgG
22-082_10X_IgG_CD11b_2-Scene-25-TAG25,2,TAG25,CD11b
22-082_10X_IgG_CD11b_3-Scene-26-TAG26,2,TAG26,IgG
22-082_10X_IgG_CD11b_3-Scene-26-TAG26,2,TAG26,CD11b
22-082_10X_IgG_CD11b_3-Scene-27-TAG27,2,TAG27,IgG
22-082_10X_IgG_CD11b_3-Scene-27-TAG27,2,TAG27,CD11b
22-082_10X_IgG_CD11b_3-Scene-28-TAG28,2,TAG28,IgG
22-082_10X_IgG_CD11b_3-Scene-28-TAG28,2,TAG28,CD11b
22-082_10X_IgG_CD11b_3-Scene-29-TAG29,2,TAG29,IgG
22-082_10X_IgG_CD11b_3-Scene-29-TAG29,2,TAG29,CD11b
22-082_10X_IgG_CD11b_4-Scene-31-TAG31,2,TAG31,IgG
22-082_10X_IgG_CD11b_4-Scene-31-TAG31,2,TAG31,CD11b
22-082_10X_IgG_CD11b_4-Scene-32-TAG32,2,TAG32,IgG
22-082_10X_IgG_CD11b_4-Scene-32-TAG32,2,TAG32,CD11b
22-082_10X_IgG_CD11b_4-Scene-33-TAG33,2,TAG33,IgG
22-082_10X_IgG_CD11b_4-Scene-33-TAG33,2,TAG33,CD11b
22-082_10X_IgG_CD11b_4-Scene-34-TAG34,2,TAG34,IgG
22-082_10X_IgG_CD11b_4-Scene-34-TAG34,2,TAG34,CD11b
22-082_10X_IgG_CD11b_4-Scene-35-TAG35,2,TAG35,IgG
22-082_10X_IgG_CD11b_4-Scene-35-TAG35,2,TAG35,CD11b
22-082_10X_NADH_1-Scene-1-TAG01,3,TAG01,NADH
22-082_10X_NADH_1-Scene-2-TAG02,3,TAG02,NADH
22-082_10X_NADH_1-Scene-3-TAG03,3,TAG03,NADH
22-082_10X_NADH_1-Scene-4-TAG04,3,TAG04,NADH
22-082_10X_NADH_1-Scene-5-TAG05,3,TAG05,NADH
22-082_10X_NADH_2-Scene-21-TAG21,3,TAG21,NADH
22-082_10X_NADH_2-Scene-22-TAG22,3,TAG22,NADH
22-082_10X_NADH_2-Scene-23-TAG23,3,TAG23,NADH
22-082_10X_NADH_2-Scene-24-TAG24,3,TAG24,NADH
22-082_10X_NADH_2-Scene-25-TAG25,3,TAG25,NADH
22-082_10X_NADH_3-Scene-26-TAG26,3,TAG26,NADH
22-082_10X_NADH_3-Scene-27-TAG27,3,TAG27,NADH
22-082_10X_NADH_3-Scene-28-TAG28,3,TAG28,NADH
22-082_10X_NADH_3-Scene-29-TAG29,3,TAG29,NADH
22-082_10X_NADH_4-Scene-31-TAG31,3,TAG31,NADH
22-082_10X_NADH_4-Scene-32-TAG32,3,TAG32,NADH
22-082_10X_NADH_4-Scene-33-TAG33,3,TAG33,NADH
22-082_10X_NADH_4-Scene-34-TAG34,3,TAG34,NADH
22-082_10X_NADH_4-Scene-35-TAG35,3,TAG35,NADH
22-082_10X_HE_10x_1-Scene-1-TAG01,6,TAG01,HE_10x
22-082_10X_HE_10x_1-Scene-2-TAG02,6,TAG02,HE_10x
22-082_10X_HE_10x_1-Scene-3-TAG03,6,TAG03,HE_10x
22-082_10X_HE_10x_1-Scene-4-TAG04,6,TAG04,HE_10x
22-082_10X_HE_10x_1-Scene-5-TAG05,6,TAG05,HE_10x
22-082_10X_HE_10x_2-Scene-21-TAG21,6,TAG21,HE_10x
22-082_10X_HE_10x_2-Scene-22-TAG22,6,TAG22,HE_10x
22-082_10X_HE_10x_2-Scene-23-TAG23,6,TAG23,HE_10x
22-082_10X_HE_10x_2-Scene-24-TAG24,6,TAG24,HE_10x
22-082_10X_HE_10x_2-Scene-25-TAG25,6,TAG25,HE_10x
22-082_10X_HE_10x_3-Scene-26-TAG26,6,TAG26,HE_10x
22-082_10X_HE_10x_3-Scene-27-TAG27,6,TAG27,HE_10x
22-082_10X_HE_10x_3-Scene-28-TAG28,6,TAG28,HE_10x
22-082_10X_HE_10x_3-Scene-29-TAG29,6,TAG29,HE_10x
22-082_10X_HE_10x_4-Scene-31-TAG31,6,TAG31,HE_10x
22-082_10X_HE_10x_4-Scene-32-TAG32,6,TAG32,HE_10x
22-082_10X_HE_10x_4-Scene-33-TAG33,6,TAG33,HE_10x
22-082_10X_HE_10x_4-Scene-34-TAG34,6,TAG34,HE_10x
22-082_10X_HE_10x_4-Scene-35-TAG35,6,TAG35,HE_10x
22-082_10X_COX_1-Scene-1-TAG01,7,TAG01,COX
22-082_10X_COX_1-Scene-2-TAG02,7,TAG02,COX
22-082_10X_COX_1-Scene-3-TAG03,7,TAG03,COX
22-082_10X_COX_1-Scene-4-TAG04,7,TAG04,COX
22-082_10X_COX_1-Scene-5-TAG05,7,TAG05,COX
22-082_10X_COX_2-Scene-21-TAG21,7,TAG21,COX
22-082_10X_COX_2-Scene-22-TAG22,7,TAG22,COX
22-082_10X_COX_2-Scene-23-TAG23,7,TAG23,COX
22-082_10X_COX_2-Scene-24-TAG24,7,TAG24,COX
22-082_10X_COX_2-Scene-25-TAG25,7,TAG25,COX
22-082_10X_COX_3-Scene-26-TAG26,7,TAG26,COX
22-082_10X_COX_3-Scene-27-TAG27,7,TAG27,COX
22-082_10X_COX_3-Scene-28-TAG28,7,TAG28,COX
22-082_10X_COX_3-Scene-29-TAG29,7,TAG29,COX
22-082_10X_COX_4-Scene-31-TAG31,7,TAG31,COX
22-082_10X_COX_4-Scene-32-TAG32,7,TAG32,COX
22-082_10X_COX_4-Scene-33-TAG33,7,TAG33,COX
22-082_10X_COX_4-Scene-34-TAG34,7,TAG34,COX
22-082_10X_COX_4-Scene-35-TAG35,7,TAG35,COX
22-082_10X_LAMP2_LGALS3_SQSTM1_1-Scene-1-TAG01,8,TAG01,LAMP2
22-082_10X_LAMP2_LGALS3_SQSTM1_1-Scene-1-TAG01,8,TAG01,LGALS3
22-082_10X_LAMP2_LGALS3_SQSTM1_1-Scene-1-TAG01,8,TAG01,SQSTM1
22-082_10X_LAMP2_LGALS3_SQSTM1_1-Scene-2-TAG02,8,TAG02,LAMP2
22-082_10X_LAMP2_LGALS3_SQSTM1_1-Scene-2-TAG02,8,TAG02,LGALS3
22-082_10X_LAMP2_LGALS3_SQSTM1_1-Scene-2-TAG02,8,TAG02,SQSTM1
22-082_10X_LAMP2_LGALS3_SQSTM1_1-Scene-3-TAG03,8,TAG03,LAMP2
22-082_10X_LAMP2_LGALS3_SQSTM1_1-Scene-3-TAG03,8,TAG03,LGALS3
22-082_10X_LAMP2_LGALS3_SQSTM1_1-Scene-3-TAG03,8,TAG03,SQSTM1
22-082_10X_LAMP2_LGALS3_SQSTM1_1-Scene-4-TAG04,8,TAG04,LAMP2
22-082_10X_LAMP2_LGALS3_SQSTM1_1-Scene-4-TAG04,8,TAG04,LGALS3
22-082_10X_LAMP2_LGALS3_SQSTM1_1-Scene-4-TAG04,8,TAG04,SQSTM1
22-082_10X_LAMP2_LGALS3_SQSTM1_1-Scene-5-TAG05,8,TAG05,LAMP2
22-082_10X_LAMP2_LGALS3_SQSTM1_1-Scene-5-TAG05,8,TAG05,LGALS3
22-082_10X_LAMP2_LGALS3_SQSTM1_1-Scene-5-TAG05,8,TAG05,SQSTM1
22-082_10X_LAMP2_LGALS3_SQSTM1_2-Scene-21-TAG21,8,TAG21,LAMP2
22-082_10X_LAMP2_LGALS3_SQSTM1_2-Scene-21-TAG21,8,TAG21,LGALS3
22-082_10X_LAMP2_LGALS3_SQSTM1_2-Scene-21-TAG21,8,TAG21,SQSTM1
22-082_10X_LAMP2_LGALS3_SQSTM1_2-Scene-22-TAG22,8,TAG22,LAMP2
22-082_10X_LAMP2_LGALS3_SQSTM1_2-Scene-22-TAG22,8,TAG22,LGALS3
22-082_10X_LAMP2_LGALS3_SQSTM1_2-Scene-22-TAG22,8,TAG22,SQSTM1
22-082_10X_LAMP2_LGALS3_SQSTM1_2-Scene-23-TAG23,8,TAG23,LAMP2
22-082_10X_LAMP2_LGALS3_SQSTM1_2-Scene-23-TAG23,8,TAG23,LGALS3
22-082_10X_LAMP2_LGALS3_SQSTM1_2-Scene-23-TAG23,8,TAG23,SQSTM1
22-082_10X_LAMP2_LGALS3_SQSTM1_2-Scene-24-TAG24,8,TAG24,LAMP2
22-082_10X_LAMP2_LGALS3_SQSTM1_2-Scene-24-TAG24,8,TAG24,LGALS3
22-082_10X_LAMP2_LGALS3_SQSTM1_2-Scene-24-TAG24,8,TAG24,SQSTM1
22-082_10X_LAMP2_LGALS3_SQSTM1_2-Scene-25-TAG25,8,TAG25,LAMP2
22-082_10X_LAMP2_LGALS3_SQSTM1_2-Scene-25-TAG25,8,TAG25,LGALS3
22-082_10X_LAMP2_LGALS3_SQSTM1_2-Scene-25-TAG25,8,TAG25,SQSTM1
22-082_10X_LAMP2_LGALS3_SQSTM1_3-Scene-26-TAG26,8,TAG26,LAMP2
22-082_10X_LAMP2_LGALS3_SQSTM1_3-Scene-26-TAG26,8,TAG26,LGALS3
22-082_10X_LAMP2_LGALS3_SQSTM1_3-Scene-26-TAG26,8,TAG26,SQSTM1
22-082_10X_LAMP2_LGALS3_SQSTM1_3-Scene-27-TAG27,8,TAG27,LAMP2
22-082_10X_LAMP2_LGALS3_SQSTM1_3-Scene-27-TAG27,8,TAG27,LGALS3
22-082_10X_LAMP2_LGALS3_SQSTM1_3-Scene-27-TAG27,8,TAG27,SQSTM1
22-082_10X_LAMP2_LGALS3_SQSTM1_3-Scene-28-TAG28,8,TAG28,LAMP2
22-082_10X_LAMP2_LGALS3_SQSTM1_3-Scene-28-TAG28,8,TAG28,LGALS3
22-082_10X_LAMP2_LGALS3_SQSTM1_3-Scene-28-TAG28,8,TAG28,SQSTM1
22-082_10X_LAMP2_LGALS3_SQSTM1_3-Scene-29-TAG29,8,TAG29,LAMP2
22-082_10X_LAMP2_LGALS3_SQSTM1_3-Scene-29-TAG29,8,TAG29,LGALS3
22-082_10X_LAMP2_LGALS3_SQSTM1_3-Scene-29-TAG29,8,TAG29,SQSTM1
22-082_10X_LAMP2_LGALS3_SQSTM1_4-Scene-31-TAG31,8,TAG31,LAMP2
22-082_10X_LAMP2_LGALS3_SQSTM1_4-Scene-31-TAG31,8,TAG31,LGALS3
22-082_10X_LAMP2_LGALS3_SQSTM1_4-Scene-31-TAG31,8,TAG31,SQSTM1
22-082_10X_LAMP2_LGALS3_SQSTM1_4-Scene-32-TAG32,8,TAG32,LAMP2
22-082_10X_LAMP2_LGALS3_SQSTM1_4-Scene-32-TAG32,8,TAG32,LGALS3
22-082_10X_LAMP2_LGALS3_SQSTM1_4-Scene-32-TAG32,8,TAG32,SQSTM1
22-082_10X_LAMP2_LGALS3_SQSTM1_4-Scene-33-TAG33,8,TAG33,LAMP2
22-082_10X_LAMP2_LGALS3_SQSTM1_4-Scene-33-TAG33,8,TAG33,LGALS3
22-082_10X_LAMP2_LGALS3_SQSTM1_4-Scene-33-TAG33,8,TAG33,SQSTM1
22-082_10X_LAMP2_LGALS3_SQSTM1_4-Scene-34-TAG34,8,TAG34,LAMP2
22-082_10X_LAMP2_LGALS3_SQSTM1_4-Scene-34-TAG34,8,TAG34,LGALS3
22-082_10X_LAMP2_LGALS3_SQSTM1_4-Scene-34-TAG34,8,TAG34,SQSTM1
22-082_10X_LAMP2_LGALS3_SQSTM1_4-Scene-35-TAG35,8,TAG35,LAMP2
22-082_10X_LAMP2_LGALS3_SQSTM1_4-Scene-35-TAG35,8,TAG35,LGALS3
22-082_10X_LAMP2_LGALS3_SQSTM1_4-Scene-35-TAG35,8,TAG35,SQSTM1
22-082_10X_DAPI_Laminin_Dystrophin_Collagen4_1-Scene-1-QUAG01,1,QUAG01,DAPI
22-082_10X_DAPI_Laminin_Dystrophin_Collagen4_1-Scene-1-QUAG01,1,QUAG01,Laminin
22-082_10X_DAPI_Laminin_Dystrophin_Collagen4_1-Scene-1-QUAG01,1,QUAG01,Dystrophin
22-082_10X_DAPI_Laminin_Dystrophin_Collagen4_1-Scene-1-QUAG01,1,QUAG01,Collagen4
22-082_10X_DAPI_Laminin_Dystrophin_Collagen4_1-Scene-2-QUAG02,1,QUAG02,DAPI
22-082_10X_DAPI_Laminin_Dystrophin_Collagen4_1-Scene-2-QUAG02,1,QUAG02,Laminin
22-082_10X_DAPI_Laminin_Dystrophin_Collagen4_1-Scene-2-QUAG02,1,QUAG02,Dystrophin
22-082_10X_DAPI_Laminin_Dystrophin_Collagen4_1-Scene-2-QUAG02,1,QUAG02,Collagen4
22-082_10X_DAPI_Laminin_Dystrophin_Collagen4_1-Scene-3-QUAG03,1,QUAG03,DAPI
22-082_10X_DAPI_Laminin_Dystrophin_Collagen4_1-Scene-3-QUAG03,1,QUAG03,Laminin
22-082_10X_DAPI_Laminin_Dystrophin_Collagen4_1-Scene-3-QUAG03,1,QUAG03,Dystrophin
22-082_10X_DAPI_Laminin_Dystrophin_Collagen4_1-Scene-3-QUAG03,1,QUAG03,Collagen4
22-082_10X_DAPI_Laminin_Dystrophin_Collagen4_1-Scene-4-QUAG04,1,QUAG04,DAPI
22-082_10X_DAPI_Laminin_Dystrophin_Collagen4_1-Scene-4-QUAG04,1,QUAG04,Laminin
22-082_10X_DAPI_Laminin_Dystrophin_Collagen4_1-Scene-4-QUAG04,1,QUAG04,Dystrophin
22-082_10X_DAPI_Laminin_Dystrophin_Collagen4_1-Scene-4-QUAG04,1,QUAG04,Collagen4
22-082_10X_DAPI_Laminin_Dystrophin_Collagen4_1-Scene-5-QUAG05,1,QUAG05,DAPI
22-082_10X_DAPI_Laminin_Dystrophin_Collagen4_1-Scene-5-QUAG05,1,QUAG05,Laminin
22-082_10X_DAPI_Laminin_Dystrophin_Collagen4_1-Scene-5-QUAG05,1,QUAG05,Dystrophin
22-082_10X_DAPI_Laminin_Dystrophin_Collagen4_1-Scene-5-QUAG05,1,QUAG05,Collagen4
22-082_10X_DAPI_Laminin_Dystrophin_Collagen4_2-Scene-21-QUAG21,1,QUAG21,DAPI
22-082_10X_DAPI_Laminin_Dystrophin_Collagen4_2-Scene-21-QUAG21,1,QUAG21,Laminin
22-082_10X_DAPI_Laminin_Dystrophin_Collagen4_2-Scene-21-QUAG21,1,QUAG21,Dystrophin
22-082_10X_DAPI_Laminin_Dystrophin_Collagen4_2-Scene-21-QUAG21,1,QUAG21,Collagen4
22-082_10X_DAPI_Laminin_Dystrophin_Collagen4_2-Scene-22-QUAG22,1,QUAG22,DAPI
22-082_10X_DAPI_Laminin_Dystrophin_Collagen4_2-Scene-22-QUAG22,1,QUAG22,Laminin
22-082_10X_DAPI_Laminin_Dystrophin_Collagen4_2-Scene-22-QUAG22,1,QUAG22,Dystrophin
22-082_10X_DAPI_Laminin_Dystrophin_Collagen4_2-Scene-22-QUAG22,1,QUAG22,Collagen4
22-082_10X_DAPI_Laminin_Dystrophin_Collagen4_2-Scene-23-QUAG23,1,QUAG23,DAPI
22-082_10X_DAPI_Laminin_Dystrophin_Collagen4_2-Scene-23-QUAG23,1,QUAG23,Laminin
22-082_10X_DAPI_Laminin_Dystrophin_Collagen4_2-Scene-23-QUAG23,1,QUAG23,Dystrophin
22-082_10X_DAPI_Laminin_Dystrophin_Collagen4_2-Scene-23-QUAG23,1,QUAG23,Collagen4
22-082_10X_DAPI_Laminin_Dystrophin_Collagen4_2-Scene-24-QUAG24,1,QUAG24,DAPI
22-082_10X_DAPI_Laminin_Dystrophin_Collagen4_2-Scene-24-QUAG24,1,QUAG24,Laminin
22-082_10X_DAPI_Laminin_Dystrophin_Collagen4_2-Scene-24-QUAG24,1,QUAG24,Dystrophin
22-082_10X_DAPI_Laminin_Dystrophin_Collagen4_2-Scene-24-QUAG24,1,QUAG24,Collagen4
22-082_10X_DAPI_Laminin_Dystrophin_Collagen4_2-Scene-25-QUAG25,1,QUAG25,DAPI
22-082_10X_DAPI_Laminin_Dystrophin_Collagen4_2-Scene-25-QUAG25,1,QUAG25,Laminin
22-082_10X_DAPI_Laminin_Dystrophin_Collagen4_2-Scene-25-QUAG25,1,QUAG25,Dystrophin
22-082_10X_DAPI_Laminin_Dystrophin_Collagen4_2-Scene-25-QUAG25,1,QUAG25,Collagen4
22-082_10X_DAPI_Laminin_Dystrophin_Collagen4_3-Scene-26-QUAG26,1,QUAG26,DAPI
22-082_10X_DAPI_Laminin_Dystrophin_Collagen4_3-Scene-26-QUAG26,1,QUAG26,Laminin
22-082_10X_DAPI_Laminin_Dystrophin_Collagen4_3-Scene-26-QUAG26,1,QUAG26,Dystrophin
22-082_10X_DAPI_Laminin_Dystrophin_Collagen4_3-Scene-26-QUAG26,1,QUAG26,Collagen4
22-082_10X_DAPI_Laminin_Dystrophin_Collagen4_3-Scene-27-QUAG27,1,QUAG27,DAPI
22-082_10X_DAPI_Laminin_Dystrophin_Collagen4_3-Scene-27-QUAG27,1,QUAG27,Laminin
22-082_10X_DAPI_Laminin_Dystrophin_Collagen4_3-Scene-27-QUAG27,1,QUAG27,Dystrophin
22-082_10X_DAPI_Laminin_Dystrophin_Collagen4_3-Scene-27-QUAG27,1,QUAG27,Collagen4
22-082_10X_DAPI_Laminin_Dystrophin_Collagen4_3-Scene-28-QUAG28,1,QUAG28,DAPI
22-082_10X_DAPI_Laminin_Dystrophin_Collagen4_3-Scene-28-QUAG28,1,QUAG28,Laminin
22-082_10X_DAPI_Laminin_Dystrophin_Collagen4_3-Scene-28-QUAG28,1,QUAG28,Dystrophin
22-082_10X_DAPI_Laminin_Dystrophin_Collagen4_3-Scene-28-QUAG28,1,QUAG28,Collagen4
22-082_10X_DAPI_Laminin_Dystrophin_Collagen4_3-Scene-29-QUAG29,1,QUAG29,DAPI
22-082_10X_DAPI_Laminin_Dystrophin_Collagen4_3-Scene-29-QUAG29,1,QUAG29,Laminin
22-082_10X_DAPI_Laminin_Dystrophin_Collagen4_3-Scene-29-QUAG29,1,QUAG29,Dystrophin
22-082_10X_DAPI_Laminin_Dystrophin_Collagen4_3-Scene-29-QUAG29,1,QUAG29,Collagen4
22-082_10X_DAPI_Laminin_Dystrophin_Collagen4_4-Scene-31-QUAG31,1,QUAG31,DAPI
22-082_10X_DAPI_Laminin_Dystrophin_Collagen4_4-Scene-31-QUAG31,1,QUAG31,Laminin
22-082_10X_DAPI_Laminin_Dystrophin_Collagen4_4-Scene-31-QUAG31,1,QUAG31,Dystrophin
22-082_10X_DAPI_Laminin_Dystrophin_Collagen4_4-Scene-31-QUAG31,1,QUAG31,Collagen4
22-082_10X_DAPI_Laminin_Dystrophin_Collagen4_4-Scene-32-QUAG32,1,QUAG32,DAPI
22-082_10X_DAPI_Laminin_Dystrophin_Collagen4_4-Scene-32-QUAG32,1,QUAG32,Laminin
22-082_10X_DAPI_Laminin_Dystrophin_Collagen4_4-Scene-32-QUAG32,1,QUAG32,Dystrophin
22-082_10X_DAPI_Laminin_Dystrophin_Collagen4_4-Scene-32-QUAG32,1,QUAG32,Collagen4
22-082_10X_DAPI_Laminin_Dystrophin_Collagen4_4-Scene-33-QUAG33,1,QUAG33,DAPI
22-082_10X_DAPI_Laminin_Dystrophin_Collagen4_4-Scene-33-QUAG33,1,QUAG33,Laminin
22-082_10X_DAPI_Laminin_Dystrophin_Collagen4_4-Scene-33-QUAG33,1,QUAG33,Dystrophin
22-082_10X_DAPI_Laminin_Dystrophin_Collagen4_4-Scene-33-QUAG33,1,QUAG33,Collagen4
22-082_10X_DAPI_Laminin_Dystrophin_Collagen4_4-Scene-34-QUAG34,1,QUAG34,DAPI
22-082_10X_DAPI_Laminin_Dystrophin_Collagen4_4-Scene-34-QUAG34,1,QUAG34,Laminin
22-082_10X_DAPI_Laminin_Dystrophin_Collagen4_4-Scene-34-QUAG34,1,QUAG34,Dystrophin
22-082_10X_DAPI_Laminin_Dystrophin_Collagen4_4-Scene-34-QUAG34,1,QUAG34,Collagen4
22-082_10X_DAPI_Laminin_Dystrophin_Collagen4_4-Scene-35-QUAG35,1,QUAG35,DAPI
22-082_10X_DAPI_Laminin_Dystrophin_Collagen4_4-Scene-35-QUAG35,1,QUAG35,Laminin
22-082_10X_DAPI_Laminin_Dystrophin_Collagen4_4-Scene-35-QUAG35,1,QUAG35,Dystrophin
22-082_10X_DAPI_Laminin_Dystrophin_Collagen4_4-Scene-35-QUAG35,1,QUAG35,Collagen4
22-082_10X_IgG_CD11b_1-Scene-1-QUAG01,2,QUAG01,IgG
22-082_10X_IgG_CD11b_1-Scene-1-QUAG01,2,QUAG01,CD11b
22-082_10X_IgG_CD11b_1-Scene-2-QUAG02,2,QUAG02,IgG
22-082_10X_IgG_CD11b_1-Scene-2-QUAG02,2,QUAG02,CD11b
22-082_10X_IgG_CD11b_1-Scene-3-QUAG03,2,QUAG03,IgG
22-082_10X_IgG_CD11b_1-Scene-3-QUAG03,2,QUAG03,CD11b
22-082_10X_IgG_CD11b_1-Scene-4-QUAG04,2,QUAG04,IgG
22-082_10X_IgG_CD11b_1-Scene-4-QUAG04,2,QUAG04,CD11b
22-082_10X_IgG_CD11b_1-Scene-5-QUAG05,2,QUAG05,IgG
22-082_10X_IgG_CD11b_1-Scene-5-QUAG05,2,QUAG05,CD11b
22-082_10X_IgG_CD11b_2-Scene-21-QUAG21,2,QUAG21,IgG
22-082_10X_IgG_CD11b_2-Scene-21-QUAG21,2,QUAG21,CD11b
22-082_10X_IgG_CD11b_2-Scene-22-QUAG22,2,QUAG22,IgG
22-082_10X_IgG_CD11b_2-Scene-22-QUAG22,2,QUAG22,CD11b
22-082_10X_IgG_CD11b_2-Scene-23-QUAG23,2,QUAG23,IgG
22-082_10X_IgG_CD11b_2-Scene-23-QUAG23,2,QUAG23,CD11b
22-082_10X_IgG_CD11b_2-Scene-24-QUAG24,2,QUAG24,IgG
22-082_10X_IgG_CD11b_2-Scene-24-QUAG24,2,QUAG24,CD11b
22-082_10X_IgG_CD11b_2-Scene-25-QUAG25,2,QUAG25,IgG
22-082_10X_IgG_CD11b_2-Scene-25-QUAG25,2,QUAG25,CD11b
22-082_10X_IgG_CD11b_3-Scene-26-QUAG26,2,QUAG26,IgG
22-082_10X_IgG_CD11b_3-Scene-26-QUAG26,2,QUAG26,CD11b
22-082_10X_IgG_CD11b_3-Scene-27-QUAG27,2,QUAG27,IgG
22-082_10X_IgG_CD11b_3-Scene-27-QUAG27,2,QUAG27,CD11b
22-082_10X_IgG_CD11b_3-Scene-28-QUAG28,2,QUAG28,IgG
22-082_10X_IgG_CD11b_3-Scene-28-QUAG28,2,QUAG28,CD11b
22-082_10X_IgG_CD11b_3-Scene-29-QUAG29,2,QUAG29,IgG
22-082_10X_IgG_CD11b_3-Scene-29-QUAG29,2,QUAG29,CD11b
22-082_10X_IgG_CD11b_4-Scene-31-QUAG31,2,QUAG31,IgG
22-082_10X_IgG_CD11b_4-Scene-31-QUAG31,2,QUAG31,CD11b
22-082_10X_IgG_CD11b_4-Scene-32-QUAG32,2,QUAG32,IgG
22-082_10X_IgG_CD11b_4-Scene-32-QUAG32,2,QUAG32,CD11b
22-082_10X_IgG_CD11b_4-Scene-33-QUAG33,2,QUAG33,IgG
22-082_10X_IgG_CD11b_4-Scene-33-QUAG33,2,QUAG33,CD11b
22-082_10X_IgG_CD11b_4-Scene-34-QUAG34,2,QUAG34,IgG
22-082_10X_IgG_CD11b_4-Scene-34-QUAG34,2,QUAG34,CD11b
22-082_10X_IgG_CD11b_4-Scene-35-QUAG35,2,QUAG35,IgG
22-082_10X_IgG_CD11b_4-Scene-35-QUAG35,2,QUAG35,CD11b
22-082_10X_NADH_1-Scene-1-QUAG01,3,QUAG01,NADH
22-082_10X_NADH_1-Scene-2-QUAG02,3,QUAG02,NADH
22-082_10X_NADH_1-Scene-3-QUAG03,3,QUAG03,NADH
22-082_10X_NADH_1-Scene-4-QUAG04,3,QUAG04,NADH
22-082_10X_NADH_1-Scene-5-QUAG05,3,QUAG05,NADH
22-082_10X_NADH_2-Scene-21-QUAG21,3,QUAG21,NADH
22-082_10X_NADH_2-Scene-22-QUAG22,3,QUAG22,NADH
22-082_10X_NADH_2-Scene-23-QUAG23,3,QUAG23,NADH
22-082_10X_NADH_2-Scene-24-QUAG24,3,QUAG24,NADH
22-082_10X_NADH_2-Scene-25-QUAG25,3,QUAG25,NADH
22-082_10X_NADH_3-Scene-26-QUAG26,3,QUAG26,NADH
22-082_10X_NADH_3-Scene-27-QUAG27,3,QUAG27,NADH
22-082_10X_NADH_3-Scene-28-QUAG28,3,QUAG28,NADH
22-082_10X_NADH_3-Scene-29-QUAG29,3,QUAG29,NADH
22-082_10X_NADH_4-Scene-31-QUAG31,3,QUAG31,NADH
22-082_10X_NADH_4-Scene-32-QUAG32,3,QUAG32,NADH
22-082_10X_NADH_4-Scene-33-QUAG33,3,QUAG33,NADH
22-082_10X_NADH_4-Scene-34-QUAG34,3,QUAG34,NADH
22-082_10X_NADH_4-Scene-35-QUAG35,3,QUAG35,NADH
22-082_10X_HE_10x_1-Scene-1-QUAG01,6,QUAG01,HE_10x
22-082_10X_HE_10x_1-Scene-2-QUAG02,6,QUAG02,HE_10x
22-082_10X_HE_10x_1-Scene-3-QUAG03,6,QUAG03,HE_10x
22-082_10X_HE_10x_1-Scene-4-QUAG04,6,QUAG04,HE_10x
22-082_10X_HE_10x_1-Scene-5-QUAG05,6,QUAG05,HE_10x
22-082_10X_HE_10x_2-Scene-21-QUAG21,6,QUAG21,HE_10x
22-082_10X_HE_10x_2-Scene-22-QUAG22,6,QUAG22,HE_10x
22-082_10X_HE_10x_2-Scene-23-QUAG23,6,QUAG23,HE_10x
22-082_10X_HE_10x_2-Scene-24-QUAG24,6,QUAG24,HE_10x
22-082_10X_HE_10x_2-Scene-25-QUAG25,6,QUAG25,HE_10x
22-082_10X_HE_10x_3-Scene-26-QUAG26,6,QUAG26,HE_10x
22-082_10X_HE_10x_3-Scene-27-QUAG27,6,QUAG27,HE_10x
22-082_10X_HE_10x_3-Scene-28-QUAG28,6,QUAG28,HE_10x
22-082_10X_HE_10x_3-Scene-29-QUAG29,6,QUAG29,HE_10x
22-082_10X_HE_10x_4-Scene-31-QUAG31,6,QUAG31,HE_10x
22-082_10X_HE_10x_4-Scene-32-QUAG32,6,QUAG32,HE_10x
22-082_10X_HE_10x_4-Scene-33-QUAG33,6,QUAG33,HE_10x
22-082_10X_HE_10x_4-Scene-34-QUAG34,6,QUAG34,HE_10x
22-082_10X_HE_10x_4-Scene-35-QUAG35,6,QUAG35,HE_10x
22-082_10X_COX_1-Scene-1-QUAG01,7,QUAG01,COX
22-082_10X_COX_1-Scene-2-QUAG02,7,QUAG02,COX
22-082_10X_COX_1-Scene-3-QUAG03,7,QUAG03,COX
22-082_10X_COX_1-Scene-4-QUAG04,7,QUAG04,COX
22-082_10X_COX_1-Scene-5-QUAG05,7,QUAG05,COX
22-082_10X_COX_2-Scene-21-QUAG21,7,QUAG21,COX
22-082_10X_COX_2-Scene-22-QUAG22,7,QUAG22,COX
22-082_10X_COX_2-Scene-23-QUAG23,7,QUAG23,COX
22-082_10X_COX_2-Scene-24-QUAG24,7,QUAG24,COX
22-082_10X_COX_2-Scene-25-QUAG25,7,QUAG25,COX
22-082_10X_COX_3-Scene-26-QUAG26,7,QUAG26,COX
22-082_10X_COX_3-Scene-27-QUAG27,7,QUAG27,COX
22-082_10X_COX_3-Scene-28-QUAG28,7,QUAG28,COX
22-082_10X_COX_3-Scene-29-QUAG29,7,QUAG29,COX
22-082_10X_COX_4-Scene-31-QUAG31,7,QUAG31,COX
22-082_10X_COX_4-Scene-32-QUAG32,7,QUAG32,COX
22-082_10X_COX_4-Scene-33-QUAG33,7,QUAG33,COX
22-082_10X_COX_4-Scene-34-QUAG34,7,QUAG34,COX
22-082_10X_COX_4-Scene-35-QUAG35,7,QUAG35,COX
22-082_10X_LAMP2_LGALS3_SQSTM1_1-Scene-1-QUAG01,8,QUAG01,LAMP2
22-082_10X_LAMP2_LGALS3_SQSTM1_1-Scene-1-QUAG01,8,QUAG01,LGALS3
22-082_10X_LAMP2_LGALS3_SQSTM1_1-Scene-1-QUAG01,8,QUAG01,SQSTM1
22-082_10X_LAMP2_LGALS3_SQSTM1_1-Scene-2-QUAG02,8,QUAG02,LAMP2
22-082_10X_LAMP2_LGALS3_SQSTM1_1-Scene-2-QUAG02,8,QUAG02,LGALS3
22-082_10X_LAMP2_LGALS3_SQSTM1_1-Scene-2-QUAG02,8,QUAG02,SQSTM1
22-082_10X_LAMP2_LGALS3_SQSTM1_1-Scene-3-QUAG03,8,QUAG03,LAMP2
22-082_10X_LAMP2_LGALS3_SQSTM1_1-Scene-3-QUAG03,8,QUAG03,LGALS3
22-082_10X_LAMP2_LGALS3_SQSTM1_1-Scene-3-QUAG03,8,QUAG03,SQSTM1
22-082_10X_LAMP2_LGALS3_SQSTM1_1-Scene-4-QUAG04,8,QUAG04,LAMP2
22-082_10X_LAMP2_LGALS3_SQSTM1_1-Scene-4-QUAG04,8,QUAG04,LGALS3
22-082_10X_LAMP2_LGALS3_SQSTM1_1-Scene-4-QUAG04,8,QUAG04,SQSTM1
22-082_10X_LAMP2_LGALS3_SQSTM1_1-Scene-5-QUAG05,8,QUAG05,LAMP2
22-082_10X_LAMP2_LGALS3_SQSTM1_1-Scene-5-QUAG05,8,QUAG05,LGALS3
22-082_10X_LAMP2_LGALS3_SQSTM1_1-Scene-5-QUAG05,8,QUAG05,SQSTM1
22-082_10X_LAMP2_LGALS3_SQSTM1_2-Scene-21-QUAG21,8,QUAG21,LAMP2
22-082_10X_LAMP2_LGALS3_SQSTM1_2-Scene-21-QUAG21,8,QUAG21,LGALS3
22-082_10X_LAMP2_LGALS3_SQSTM1_2-Scene-21-QUAG21,8,QUAG21,SQSTM1
22-082_10X_LAMP2_LGALS3_SQSTM1_2-Scene-22-QUAG22,8,QUAG22,LAMP2
22-082_10X_LAMP2_LGALS3_SQSTM1_2-Scene-22-QUAG22,8,QUAG22,LGALS3
22-082_10X_LAMP2_LGALS3_SQSTM1_2-Scene-22-QUAG22,8,QUAG22,SQSTM1
22-082_10X_LAMP2_LGALS3_SQSTM1_2-Scene-23-QUAG23,8,QUAG23,LAMP2
22-082_10X_LAMP2_LGALS3_SQSTM1_2-Scene-23-QUAG23,8,QUAG23,LGALS3
22-082_10X_LAMP2_LGALS3_SQSTM1_2-Scene-23-QUAG23,8,QUAG23,SQSTM1
22-082_10X_LAMP2_LGALS3_SQSTM1_2-Scene-24-QUAG24,8,QUAG24,LAMP2
22-082_10X_LAMP2_LGALS3_SQSTM1_2-Scene-24-QUAG24,8,QUAG24,LGALS3
22-082_10X_LAMP2_LGALS3_SQSTM1_2-Scene-24-QUAG24,8,QUAG24,SQSTM1
22-082_10X_LAMP2_LGALS3_SQSTM1_2-Scene-25-QUAG25,8,QUAG25,LAMP2
22-082_10X_LAMP2_LGALS3_SQSTM1_2-Scene-25-QUAG25,8,QUAG25,LGALS3
22-082_10X_LAMP2_LGALS3_SQSTM1_2-Scene-25-QUAG25,8,QUAG25,SQSTM1
22-082_10X_LAMP2_LGALS3_SQSTM1_3-Scene-26-QUAG26,8,QUAG26,LAMP2
22-082_10X_LAMP2_LGALS3_SQSTM1_3-Scene-26-QUAG26,8,QUAG26,LGALS3
22-082_10X_LAMP2_LGALS3_SQSTM1_3-Scene-26-QUAG26,8,QUAG26,SQSTM1
22-082_10X_LAMP2_LGALS3_SQSTM1_3-Scene-27-QUAG27,8,QUAG27,LAMP2
22-082_10X_LAMP2_LGALS3_SQSTM1_3-Scene-27-QUAG27,8,QUAG27,LGALS3
22-082_10X_LAMP2_LGALS3_SQSTM1_3-Scene-27-QUAG27,8,QUAG27,SQSTM1
22-082_10X_LAMP2_LGALS3_SQSTM1_3-Scene-28-QUAG28,8,QUAG28,LAMP2
22-082_10X_LAMP2_LGALS3_SQSTM1_3-Scene-28-QUAG28,8,QUAG28,LGALS3
22-082_10X_LAMP2_LGALS3_SQSTM1_3-Scene-28-QUAG28,8,QUAG28,SQSTM1
22-082_10X_LAMP2_LGALS3_SQSTM1_3-Scene-29-QUAG29,8,QUAG29,LAMP2
22-082_10X_LAMP2_LGALS3_SQSTM1_3-Scene-29-QUAG29,8,QUAG29,LGALS3
22-082_10X_LAMP2_LGALS3_SQSTM1_3-Scene-29-QUAG29,8,QUAG29,SQSTM1
22-082_10X_LAMP2_LGALS3_SQSTM1_4-Scene-31-QUAG31,8,QUAG31,LAMP2
22-082_10X_LAMP2_LGALS3_SQSTM1_4-Scene-31-QUAG31,8,QUAG31,LGALS3
22-082_10X_LAMP2_LGALS3_SQSTM1_4-Scene-31-QUAG31,8,QUAG31,SQSTM1
22-082_10X_LAMP2_LGALS3_SQSTM1_4-Scene-32-QUAG32,8,QUAG32,LAMP2
22-082_10X_LAMP2_LGALS3_SQSTM1_4-Scene-32-QUAG32,8,QUAG32,LGALS3
22-082_10X_LAMP2_LGALS3_SQSTM1_4-Scene-32-QUAG32,8,QUAG32,SQSTM1
22-082_10X_LAMP2_LGALS3_SQSTM1_4-Scene-33-QUAG33,8,QUAG33,LAMP2
22-082_10X_LAMP2_LGALS3_SQSTM1_4-Scene-33-QUAG33,8,QUAG33,LGALS3
22-082_10X_LAMP2_LGALS3_SQSTM1_4-Scene-33-QUAG33,8,QUAG33,SQSTM1
22-082_10X_LAMP2_LGALS3_SQSTM1_4-Scene-34-QUAG34,8,QUAG34,LAMP2
22-082_10X_LAMP2_LGALS3_SQSTM1_4-Scene-34-QUAG34,8,QUAG34,LGALS3
22-082_10X_LAMP2_LGALS3_SQSTM1_4-Scene-34-QUAG34,8,QUAG34,SQSTM1
22-082_10X_LAMP2_LGALS3_SQSTM1_4-Scene-35-QUAG35,8,QUAG35,LAMP2
22-082_10X_LAMP2_LGALS3_SQSTM1_4-Scene-35-QUAG35,8,QUAG35,LGALS3
22-082_10X_LAMP2_LGALS3_SQSTM1_4-Scene-35-QUAG35,8,QUAG35,SQSTM1
